属性,实例1,实例2,实例3,实例4,实例5,实例6,实例7,实例8,实例9,实例10,实例11,实例12,实例13,实例14,实例15,实例16
Computer-主机名,DESKTOP-PL96UKD,,,,,,,,,,,,,,,
Computer-制造商,ASUS,,,,,,,,,,,,,,,
Computer-型号,System Product Name,,,,,,,,,,,,,,,
Computer-架构,x64-based PC,,,,,,,,,,,,,,,
System-名称,Windows 10 Pro,,,,,,,,,,,,,,,
System-版本,22H2,,,,,,,,,,,,,,,
System-内部版本,19045,,,,,,,,,,,,,,,
System-激活状态,已激活,,,,,,,,,,,,,,,
System-语言,zh-CN,en-US,,,,,,,,,,,,,,
System-国家或地区,CN,,,,,,,,,,,,,,,
System-时区,(UTC+08:00) 北京，重庆，香港特别行政区，乌鲁木齐,,,,,,,,,,,,,,,
System-当前用户,DESKTOP-PL96UKD\Admin,,,,,,,,,,,,,,,
System-本地超级管理员,禁用,,,,,,,,,,,,,,,
System-电源计划,卓越性能,,,,,,,,,,,,,,,
System-系统安装日期,"{'value': '/Date(1685883268000)/', 'DateTime': '2023年6月4日 20:54:28'}",,,,,,,,,,,,,,,
System-上次启动时间,"{'value': '/Date(1785106364500)/', 'DateTime': '2026年7月27日 6:52:44'}",,,,,,,,,,,,,,,
System-系统目录,C:\Windows\system32,,,,,,,,,,,,,,,
System-进程,338,,,,,,,,,,,,,,,
System-线程,7849,,,,,,,,,,,,,,,
System-句柄,157653,,,,,,,,,,,,,,,
Mainboard-型号,ROG STRIX B760-G GAMING WIFI,,,,,,,,,,,,,,,
Mainboard-主板厂商,ASUSTeK COMPUTER INC.,,,,,,,,,,,,,,,
Mainboard-BIOS模式,UEFI,,,,,,,,,,,,,,,
Mainboard-主板序列号,230318119201898,,,,,,,,,,,,,,,
Mainboard-主板版本,Rev 1.xx,,,,,,,,,,,,,,,
Mainboard-BIOS版本,1010,,,,,,,,,,,,,,,
Mainboard-BIOS厂商,American Megatrends Inc.,,,,,,,,,,,,,,,
CPU-型号,13th Gen Intel(R) Core(TM) i7-13700K,,,,,,,,,,,,,,,
CPU-基准速度,3.4 GHz,,,,,,,,,,,,,,,
CPU-物理核心,16,,,,,,,,,,,,,,,
CPU-逻辑核心,24,,,,,,,,,,,,,,,
CPU-一级缓存,1408 KiB,,,,,,,,,,,,,,,
CPU-二级缓存,24576 KiB,,,,,,,,,,,,,,,
CPU-三级缓存,30720 KiB,,,,,,,,,,,,,,,
Memory-插槽总数,4,,,,,,,,,,,,,,,
Memory-已使用插槽,2,,,,,,,,,,,,,,,
Memory-ECC,None,,,,,,,,,,,,,,,
Memory-容量,16 GiB,16 GiB,,,,,,,,,,,,,,
Memory-速度,6000 MHz,6000 MHz,,,,,,,,,,,,,,
Memory-代际,DDR5,DDR5,,,,,,,,,,,,,,
Memory-型号,AX5U6000C3616G-BLAWH,AX5U6000C3616G-BLAWH,,,,,,,,,,,,,,
Memory-插槽位置,Controller0-DIMM1,Controller1-DIMM1,,,,,,,,,,,,,,
Memory-制造商,A-DATA Technology,A-DATA Technology,,,,,,,,,,,,,,
Memory-序列号,00619002,00625418,,,,,,,,,,,,,,
VirtualMemory-初始大小,32 GiB,,,,,,,,,,,,,,,
VirtualMemory-最大值,64 GiB,,,,,,,,,,,,,,,
VirtualMemory-页面文件位置,C:\pagefile.sys,,,,,,,,,,,,,,,
Volume-盘符,,G,,E,,,C,D,,,F,H,I,,,
Volume-卷标,,希捷企业,,宏碁GM7,,,,本地磁盘,,,西数监控,Pool01,Pool02,,,
Volume-容量,16367 KiB,7452.02 GiB,16367 KiB,3815.43 GiB,100 MiB,16 MiB,512.001 GiB,1395.11 GiB,513 MiB,16367 KiB,3726.01 GiB,8607 GiB,10290.5 GiB,,,
Volume-可用,,1317.53 GiB,,423.946 GiB,,,221.179 GiB,356.88 GiB,,,881.168 GiB,497.97 GiB,2876.11 GiB,,,
Volume-分配单元,,4096 Byte,,4096 Byte,,,4096 Byte,4096 Byte,,,4096 Byte,64 KiB,64 KiB,,,
Volume-文件系统,,NTFS,,NTFS,,,NTFS,NTFS,,,NTFS,NTFS,NTFS,,,
Volume-分区表,None,None,None,None,None,None,None,None,None,None,None,None,None,,,
Volume-分区类型,Reserved,Basic Data,Reserved,Basic Data,System,Reserved,Basic Data,Basic Data,Recovery,Reserved,Basic Data,Basic Data,Basic Data,,,
Volume-驱动器类型,None,Local Disk,None,Local Disk,None,None,Local Disk,Local Disk,None,None,Local Disk,Local Disk,Local Disk,,,
Volume-序列号,,8A82E7A8,,B094A3CA,,,141759BF,5A2D8DF0,,,10FB2A69,78B1CD4D,1884C3AD,,,
Volume-启用压缩,Φ,×,Φ,×,Φ,Φ,×,×,Φ,Φ,×,×,×,,,
Volume-启动分区,×,×,×,×,×,×,√,×,×,×,×,×,×,,,
Volume-系统分区,×,×,×,×,×,×,×,×,×,×,×,×,×,,,
Volume-隐藏分区,√,×,√,×,√,√,×,×,×,√,×,×,×,,,
Volume-分区状态,Other,OK,Other,OK,Other,Other,OK,OK,Other,Other,OK,OK,OK,,,
Volume-所在磁盘,0,0,5,5,4,4,4,4,4,1,1,15,14,,,
Volume-起始偏移,17 KiB,16 MiB,17 KiB,16 MiB,1024 KiB,101 MiB,117 MiB,512.115 GiB,1907.23 GiB,17 KiB,16 MiB,1024 KiB,1024 KiB,,,
Volume-远程路径,,,,,,,,,,,,,,,,
Volume-卷唯一ID,{00000000-0000-0000-0044-000000000000}5000C500ED9EC5A1,\\?\Volume{5b51dfb1-028e-4fe3-bcf8-c6fd8bc93a7a}\,{00000000-0000-0000-0044-000000000000}eui.0000000000000001,\\?\Volume{79034214-4d0e-442e-bd7e-a2378bdf3bc4}\,{00000000-0000-0000-0000-100000000000}eui.0000000000000000A428B76E2302F0FB,{00000000-0000-0000-0000-500600000000}eui.0000000000000000A428B76E2302F0FB,\\?\Volume{adcae97a-55a1-4b8e-8221-1a065712a092}\,\\?\Volume{3d2bcfe5-c769-48e9-9ba0-b30c30276a24}\,{00000000-0000-0000-0000-90cedc010000}eui.0000000000000000A428B76E2302F0FB,{00000000-0000-0000-0044-000000000000}50014E2E157EEABA,\\?\Volume{b63ee8b4-431f-4851-8135-db34542ed1ce}\,\\?\Volume{ea5bdd69-f26e-4d7e-9884-8eb88cf52e10}\,\\?\Volume{021d0e47-fdb9-40b9-bc77-e5ad22b800cc}\,,,
Volume-卷对象ID,"{1}\\DESKTOP-PL96UKD\root/Microsoft/Windows/Storage/Providers_v2\WSP_Partition.ObjectId=""{d0e6e85b-02d6-11ee-a0e6-806e6f6e6963}:PR:{00000000-0000-0000-0044-000000000000}\\?\scsi#disk&ven_&prod_st8000nm017b-2tj#4&11742ca2&0&040000#{53f56307-b6bf-11d0-94f2-00a0c91efb8b}""","{1}\\DESKTOP-PL96UKD\root/Microsoft/Windows/Storage/Providers_v2\WSP_Volume.ObjectId=""{d0e6e85b-02d6-11ee-a0e6-806e6f6e6963}:VO:\\?\Volume{5b51dfb1-028e-4fe3-bcf8-c6fd8bc93a7a}\""","{1}\\DESKTOP-PL96UKD\root/Microsoft/Windows/Storage/Providers_v2\WSP_Partition.ObjectId=""{d0e6e85b-02d6-11ee-a0e6-806e6f6e6963}:PR:{00000000-0000-0000-0044-000000000000}\\?\scsi#disk&ven_nvme&prod_predator_ssd_gm7#5&3ac9e863&0&000000#{53f56307-b6bf-11d0-94f2-00a0c91efb8b}""","{1}\\DESKTOP-PL96UKD\root/Microsoft/Windows/Storage/Providers_v2\WSP_Volume.ObjectId=""{d0e6e85b-02d6-11ee-a0e6-806e6f6e6963}:VO:\\?\Volume{79034214-4d0e-442e-bd7e-a2378bdf3bc4}\""","{1}\\DESKTOP-PL96UKD\root/Microsoft/Windows/Storage/Providers_v2\WSP_Partition.ObjectId=""{d0e6e85b-02d6-11ee-a0e6-806e6f6e6963}:PR:{00000000-0000-0000-0000-100000000000}\\?\scsi#disk&ven_nvme&prod_zhitai_tipro7000#5&263eb610&0&000000#{53f56307-b6bf-11d0-94f2-00a0c91efb8b}""","{1}\\DESKTOP-PL96UKD\root/Microsoft/Windows/Storage/Providers_v2\WSP_Partition.ObjectId=""{d0e6e85b-02d6-11ee-a0e6-806e6f6e6963}:PR:{00000000-0000-0000-0000-500600000000}\\?\scsi#disk&ven_nvme&prod_zhitai_tipro7000#5&263eb610&0&000000#{53f56307-b6bf-11d0-94f2-00a0c91efb8b}""","{1}\\DESKTOP-PL96UKD\root/Microsoft/Windows/Storage/Providers_v2\WSP_Volume.ObjectId=""{d0e6e85b-02d6-11ee-a0e6-806e6f6e6963}:VO:\\?\Volume{adcae97a-55a1-4b8e-8221-1a065712a092}\""","{1}\\DESKTOP-PL96UKD\root/Microsoft/Windows/Storage/Providers_v2\WSP_Volume.ObjectId=""{d0e6e85b-02d6-11ee-a0e6-806e6f6e6963}:VO:\\?\Volume{3d2bcfe5-c769-48e9-9ba0-b30c30276a24}\""","{1}\\DESKTOP-PL96UKD\root/Microsoft/Windows/Storage/Providers_v2\WSP_Partition.ObjectId=""{d0e6e85b-02d6-11ee-a0e6-806e6f6e6963}:PR:{00000000-0000-0000-0000-90cedc010000}\\?\scsi#disk&ven_nvme&prod_zhitai_tipro7000#5&263eb610&0&000000#{53f56307-b6bf-11d0-94f2-00a0c91efb8b}""","{1}\\DESKTOP-PL96UKD\root/Microsoft/Windows/Storage/Providers_v2\WSP_Partition.ObjectId=""{d0e6e85b-02d6-11ee-a0e6-806e6f6e6963}:PR:{00000000-0000-0000-0044-000000000000}\\?\scsi#disk&ven_wdc&prod_wd42ejrx-89bfny0#4&11742ca2&0&050000#{53f56307-b6bf-11d0-94f2-00a0c91efb8b}""","{1}\\DESKTOP-PL96UKD\root/Microsoft/Windows/Storage/Providers_v2\WSP_Volume.ObjectId=""{d0e6e85b-02d6-11ee-a0e6-806e6f6e6963}:VO:\\?\Volume{b63ee8b4-431f-4851-8135-db34542ed1ce}\""","{1}\\DESKTOP-PL96UKD\root/Microsoft/Windows/Storage/Providers_v2\WSP_Volume.ObjectId=""{d0e6e85b-02d6-11ee-a0e6-806e6f6e6963}:VO:\\?\Volume{ea5bdd69-f26e-4d7e-9884-8eb88cf52e10}\""","{1}\\DESKTOP-PL96UKD\root/Microsoft/Windows/Storage/Providers_v2\WSP_Volume.ObjectId=""{d0e6e85b-02d6-11ee-a0e6-806e6f6e6963}:VO:\\?\Volume{021d0e47-fdb9-40b9-bc77-e5ad22b800cc}\""",,,
Disk-编号,0,5,4,1,15,14,13,6,10,3,2,7,11,9,12,8
Disk-名称,ST8000NM017B-2TJ103,Predator SSD GM7 M.2 4TB,ZHITAI TiPro7000 THREE-BODY 2TB,WDC WD42EJRX-89BFNY0,Pool01,Pool02,HITACHI HUS723030ALS640 SCSI Disk Device,SEAGATE ST3000NM0023 SCSI Disk Device,SEAGATE ST4000NM0023 SCSI Disk Device,FORESEE 256GB SSD,Samsung SSD 860 EVO 500GB,SEAGATE ST3000NM0023 SCSI Disk Device,SEAGATE ST4000NM0025 SCSI Disk Device,SEAGATE ST4000NM0023 SCSI Disk Device,SEAGATE ST4000NM0025 SCSI Disk Device,SEAGATE ST3000NM0023 SCSI Disk Device
Disk-型号,ST8000NM017B-2TJ103,Predator SSD GM7 M.2 4TB,ZHITAI TiPro7000 THREE-BODY 2TB,WDC WD42EJRX-89BFNY0,Storage Space,Storage Space,HUS723030ALS640,ST3000NM0023,ST4000NM0023,FORESEE 256GB SSD,Samsung SSD 860 EVO 500GB,ST3000NM0023,ST4000NM0025,ST4000NM0023,ST4000NM0025,ST3000NM0023
Disk-固件版本,SNA1,SN12717,ZTA32F46,80.00A80,,,,,,,,,,,,
Disk-序列号,WWZ0XWLW,0000_0000_0000_0001.,0000_0000_0000_0000_A428_B76E_2302_F0FB.,WD-WX52AA2RSEAA,{201f9833-b80b-4b70-a2ff-73acd4cec428},{f3091f06-bb0d-48e5-a01a-dfb356b4c54a},YVK9M3EK,Z1Z6RSVN0000C519BMNT,S1Z1TP1D,K16566R000360,S3Z3NB0M557654P,Z1Z9L9CC0000R607RZVV,ZC117JLX0000C727A88H,S1Z1LPM9,ZC10J3TV0000C715EA9C,Z1Z5F6FJ0000W505GE40
Disk-总线类型,SATA,NVMe,NVMe,SATA,Storage Spaces,Storage Spaces,SAS,SAS,SAS,SATA,SATA,SAS,SAS,SAS,SAS,SAS
Disk-接口类型[旧],IDE,SCSI,SCSI,IDE,,,,,,,,,,,,
Disk-容量,7452.04 GiB,3815.45 GiB,1907.73 GiB,3726.02 GiB,8607 GiB,10290.5 GiB,2794.52 GiB,2794.52 GiB,3726.02 GiB,238.475 GiB,465.762 GiB,2794.52 GiB,3726.02 GiB,3726.02 GiB,3726.02 GiB,2794.52 GiB
Disk-逻辑扇区,512 Byte,512 Byte,512 Byte,512 Byte,4096 Byte,4096 Byte,512 Byte,512 Byte,512 Byte,512 Byte,512 Byte,512 Byte,512 Byte,512 Byte,512 Byte,512 Byte
Disk-物理扇区,4096 Byte,4096 Byte,4096 Byte,4096 Byte,4096 Byte,4096 Byte,512 Byte,512 Byte,512 Byte,512 Byte,512 Byte,512 Byte,512 Byte,512 Byte,512 Byte,512 Byte
Disk-介质类型,HDD,SSD,SSD,HDD,Virtual,Virtual,HDD,HDD,HDD,SSD,SSD,HDD,HDD,HDD,HDD,HDD
Disk-分区表,GPT,GPT,GPT,GPT,GPT,GPT,,,,,,,,,,
Disk-启动盘,×,×,√,×,×,×,,,,,,,,,,
Disk-预配类型,Fixed,Fixed,Fixed,Fixed,Fixed,Fixed,None,None,None,None,None,None,None,None,None,None
Disk-分区数量,2,2,5,2,1,1,,,,,,,,,,
Disk-健康状态,Healthy,Healthy,Healthy,Healthy,Healthy,Healthy,Healthy,Healthy,Healthy,Healthy,Healthy,Healthy,Healthy,Healthy,Healthy,Healthy
Disk-运行状态,OK,OK,OK,OK,OK,OK,OK,OK,OK,OK,OK,OK,OK,OK,OK,OK
Disk-位置前缀,Integrated,PCI Slot 28,Integrated,Integrated,,,PCI Slot 8,PCI Slot 8,PCI Slot 8,Integrated,Integrated,PCI Slot 8,PCI Slot 8,PCI Slot 8,PCI Slot 8,PCI Slot 8
Disk-总线号,0,3,2,0,,,6,6,6,0,0,6,6,6,6,6
Disk-设备号,23,0,0,23,,,0,0,0,23,23,0,0,0,0,0
Disk-功能号,0,0,0,0,,,0,0,0,0,0,0,0,0,0,0
Disk-适配器号,0,2,1,0,,,4,4,4,0,0,4,4,4,4,4
Disk-端口号,4,,,5,,,0,0,0,7,6,0,0,0,0,0
Disk-目标ID,,,,,,,11,0,8,,,1,9,6,10,3
Disk-逻辑单元号,,,,,,,0,0,0,,,0,0,0,0,0
Disk-所属池,Primordial,Primordial,Primordial,Primordial,Pool01,Pool02,"Pool01,Primordial","Pool01,Primordial","Pool02,Primordial","Pool01,Primordial","Pool02,Primordial","Pool01,Primordial","Pool02,Primordial","Pool02,Primordial","Pool02,Primordial","Pool01,Primordial"
Disk-磁盘唯一ID,5000C500ED9EC5A1,eui.0000000000000001,eui.0000000000000000A428B76E2302F0FB,50014E2E157EEABA,33981F200BB8704BA2FF73ACD4CEC428,061F09F30DBBE548A01ADFB356B4C54A,5000CCA03EBA965C,5000C50062E3892B,5000C5009631B56F,0000000000000000,500253E841055CAB,5000C500B6FD9643,5000C500869FE2F3,5000C5008FBCE21F,5000C500863B849F,5000C500B6FD3C6B
Disk-磁盘对象ID,"{1}\\DESKTOP-PL96UKD\root/Microsoft/Windows/Storage/Providers_v2\SPACES_PhysicalDisk.ObjectId=""{d0e6e85b-02d6-11ee-a0e6-806e6f6e6963}:PD:{272e059f-8e3f-56b8-0ebc-76147e491b70}""","{1}\\DESKTOP-PL96UKD\root/Microsoft/Windows/Storage/Providers_v2\SPACES_PhysicalDisk.ObjectId=""{d0e6e85b-02d6-11ee-a0e6-806e6f6e6963}:PD:{7c83525f-6484-12f9-d750-f98fd2dff3a9}""","{1}\\DESKTOP-PL96UKD\root/Microsoft/Windows/Storage/Providers_v2\SPACES_PhysicalDisk.ObjectId=""{d0e6e85b-02d6-11ee-a0e6-806e6f6e6963}:PD:{26d9bf9e-f882-a644-e174-6f6ba238b48e}""","{1}\\DESKTOP-PL96UKD\root/Microsoft/Windows/Storage/Providers_v2\SPACES_PhysicalDisk.ObjectId=""{d0e6e85b-02d6-11ee-a0e6-806e6f6e6963}:PD:{86bd038b-0d18-e9b8-0b74-a210caabf724}""","{1}\\DESKTOP-PL96UKD\root/Microsoft/Windows/Storage/Providers_v2\SPACES_VirtualDisk.ObjectId=""{d0e6e85b-02d6-11ee-a0e6-806e6f6e6963}:VD:{2a814553-2668-45b0-8793-64b98093f59d}{201f9833-b80b-4b70-a2ff-73acd4cec428}""","{1}\\DESKTOP-PL96UKD\root/Microsoft/Windows/Storage/Providers_v2\SPACES_VirtualDisk.ObjectId=""{d0e6e85b-02d6-11ee-a0e6-806e6f6e6963}:VD:{e1a79576-1ace-4525-bc8e-512e57c669fb}{f3091f06-bb0d-48e5-a01a-dfb356b4c54a}""","{1}\\DESKTOP-PL96UKD\root/Microsoft/Windows/Storage/Providers_v2\SPACES_PhysicalDisk.ObjectId=""{d0e6e85b-02d6-11ee-a0e6-806e6f6e6963}:PD:{2476a37b-413b-7b13-6313-d12440086ae6}""","{1}\\DESKTOP-PL96UKD\root/Microsoft/Windows/Storage/Providers_v2\SPACES_PhysicalDisk.ObjectId=""{d0e6e85b-02d6-11ee-a0e6-806e6f6e6963}:PD:{2a4b12b8-f3b4-a393-08c7-483c67ae251e}""","{1}\\DESKTOP-PL96UKD\root/Microsoft/Windows/Storage/Providers_v2\SPACES_PhysicalDisk.ObjectId=""{d0e6e85b-02d6-11ee-a0e6-806e6f6e6963}:PD:{2acae1ac-14f4-b7e5-8539-6f8efb6887ef}""","{1}\\DESKTOP-PL96UKD\root/Microsoft/Windows/Storage/Providers_v2\SPACES_PhysicalDisk.ObjectId=""{d0e6e85b-02d6-11ee-a0e6-806e6f6e6963}:PD:{2b36ea7d-ac3f-008e-956a-4952a3d4f474}""","{1}\\DESKTOP-PL96UKD\root/Microsoft/Windows/Storage/Providers_v2\SPACES_PhysicalDisk.ObjectId=""{d0e6e85b-02d6-11ee-a0e6-806e6f6e6963}:PD:{5bbe26e3-5ec0-1527-6942-f5a66f7b8c08}""","{1}\\DESKTOP-PL96UKD\root/Microsoft/Windows/Storage/Providers_v2\SPACES_PhysicalDisk.ObjectId=""{d0e6e85b-02d6-11ee-a0e6-806e6f6e6963}:PD:{911e13d4-cd87-508d-19a8-5a25c8904477}""","{1}\\DESKTOP-PL96UKD\root/Microsoft/Windows/Storage/Providers_v2\SPACES_PhysicalDisk.ObjectId=""{d0e6e85b-02d6-11ee-a0e6-806e6f6e6963}:PD:{94240c6c-8499-dadd-3814-6712f3f54aeb}""","{1}\\DESKTOP-PL96UKD\root/Microsoft/Windows/Storage/Providers_v2\SPACES_PhysicalDisk.ObjectId=""{d0e6e85b-02d6-11ee-a0e6-806e6f6e6963}:PD:{9b3635a8-aee9-56f3-2c5c-6a38b3e15df7}""","{1}\\DESKTOP-PL96UKD\root/Microsoft/Windows/Storage/Providers_v2\SPACES_PhysicalDisk.ObjectId=""{d0e6e85b-02d6-11ee-a0e6-806e6f6e6963}:PD:{a0d9b9db-58b1-0e59-cb09-516ad59ac1d8}""","{1}\\DESKTOP-PL96UKD\root/Microsoft/Windows/Storage/Providers_v2\SPACES_PhysicalDisk.ObjectId=""{d0e6e85b-02d6-11ee-a0e6-806e6f6e6963}:PD:{e2e77b27-b3b8-75bd-fc73-79a8eb515d49}"""
Disk-磁盘路径,\\?\scsi#disk&ven_&prod_st8000nm017b-2tj#4&11742ca2&0&040000#{53f56307-b6bf-11d0-94f2-00a0c91efb8b},\\?\scsi#disk&ven_nvme&prod_predator_ssd_gm7#5&3ac9e863&0&000000#{53f56307-b6bf-11d0-94f2-00a0c91efb8b},\\?\scsi#disk&ven_nvme&prod_zhitai_tipro7000#5&263eb610&0&000000#{53f56307-b6bf-11d0-94f2-00a0c91efb8b},\\?\scsi#disk&ven_wdc&prod_wd42ejrx-89bfny0#4&11742ca2&0&050000#{53f56307-b6bf-11d0-94f2-00a0c91efb8b},\\?\storage#disk#{201f9833-b80b-4b70-a2ff-73acd4cec428}#{53f56307-b6bf-11d0-94f2-00a0c91efb8b},\\?\storage#disk#{f3091f06-bb0d-48e5-a01a-dfb356b4c54a}#{53f56307-b6bf-11d0-94f2-00a0c91efb8b},,,,,,,,,,
Disk-物理位置,Integrated : Bus 0 : Device 23 : Function 0 : Adapter 0 : Port 4,PCI Slot 28 : Bus 3 : Device 0 : Function 0 : Adapter 2,Integrated : Bus 2 : Device 0 : Function 0 : Adapter 1,Integrated : Bus 0 : Device 23 : Function 0 : Adapter 0 : Port 5,,,PCI Slot 8 : Bus 6 : Device 0 : Function 0 : Adapter 4 : Port 0 : Target 11 : LUN 0,PCI Slot 8 : Bus 6 : Device 0 : Function 0 : Adapter 4 : Port 0 : Target 0 : LUN 0,PCI Slot 8 : Bus 6 : Device 0 : Function 0 : Adapter 4 : Port 0 : Target 8 : LUN 0,Integrated : Bus 0 : Device 23 : Function 0 : Adapter 0 : Port 7,Integrated : Bus 0 : Device 23 : Function 0 : Adapter 0 : Port 6,PCI Slot 8 : Bus 6 : Device 0 : Function 0 : Adapter 4 : Port 0 : Target 1 : LUN 0,PCI Slot 8 : Bus 6 : Device 0 : Function 0 : Adapter 4 : Port 0 : Target 9 : LUN 0,PCI Slot 8 : Bus 6 : Device 0 : Function 0 : Adapter 4 : Port 0 : Target 6 : LUN 0,PCI Slot 8 : Bus 6 : Device 0 : Function 0 : Adapter 4 : Port 0 : Target 10 : LUN 0,PCI Slot 8 : Bus 6 : Device 0 : Function 0 : Adapter 4 : Port 0 : Target 3 : LUN 0
Storage-名称,Pool01,Primordial,Pool02,Pool01-SSD,Pool01-HDD,Pool02-HDDTier02,Pool02-SSDTier02,,,,,,,,,
Storage-介质类型,None,None,None,SSD,HDD,HDD,SSD,,,,,,,,,
Storage-容量,11413.4 GiB,42.6637 TiB,15366.7 GiB,232.5 GiB,8374.5 GiB,9830.5 GiB,460 GiB,,,,,,,,,
Storage-已分配,11403.2 GiB,26.1574 TiB,15210.5 GiB,232.5 GiB,8374.5 GiB,9830.5 GiB,460 GiB,,,,,,,,,
Storage-弹性设置,,,,Simple,Parity,Parity,Simple,,,,,,,,,
Storage-存储池逻辑扇区,4096 Byte,,4096 Byte,,,,,,,,,,,,,
Storage-存储池物理扇区,4096 Byte,,4096 Byte,,,,,,,,,,,,,
Storage-存储池默认预配类型,Fixed,Fixed,Fixed,,,,,,,,,,,,,
Storage-存储池状态,OK,OK,OK,,,,,,,,,,,,,
Storage-存储池健康状态,Healthy,Healthy,Healthy,,,,,,,,,,,,,
Storage-存储层介质类型,SSD,HDD,HDD,SSD,,,,,,,,,,,,
Storage-存储层弹性设置,Simple,Parity,Parity,Simple,,,,,,,,,,,,
Storage-存储层列数,1,4,3,1,,,,,,,,,,,,
Storage-存储层条带大小,64 KiB,64 KiB,64 KiB,64 KiB,,,,,,,,,,,,
Storage-存储层分配单元,768 MiB,256 MiB,256 MiB,512 MiB,,,,,,,,,,,,
Storage-存储池唯一ID,{2a814553-2668-45b0-8793-64b98093f59d},{d0e6e85a-02d6-11ee-a0e6-806e6f6e6963},{e1a79576-1ace-4525-bc8e-512e57c669fb},,,,,,,,,,,,,
Storage-存储池对象ID,"{1}\\DESKTOP-PL96UKD\root/Microsoft/Windows/Storage/Providers_v2\SPACES_StoragePool.ObjectId=""{d0e6e85b-02d6-11ee-a0e6-806e6f6e6963}:SP:{2a814553-2668-45b0-8793-64b98093f59d}""","{1}\\DESKTOP-PL96UKD\root/Microsoft/Windows/Storage/Providers_v2\SPACES_StoragePool.ObjectId=""{d0e6e85b-02d6-11ee-a0e6-806e6f6e6963}:SP:{d0e6e85a-02d6-11ee-a0e6-806e6f6e6963}""","{1}\\DESKTOP-PL96UKD\root/Microsoft/Windows/Storage/Providers_v2\SPACES_StoragePool.ObjectId=""{d0e6e85b-02d6-11ee-a0e6-806e6f6e6963}:SP:{e1a79576-1ace-4525-bc8e-512e57c669fb}""",,,,,,,,,,,,,
Storage-存储层唯一ID,{409759d5-aa75-4c76-b53a-e6f072e5e78e},{d3747729-7046-44e9-9ca0-b67c8f1069e8},{5848762a-86e3-4bdd-a6f3-d1f0541b49cc},{d7909454-3092-48c2-b2fd-c541e4b50771},,,,,,,,,,,,
Storage-存储层对象ID,"{1}\\DESKTOP-PL96UKD\root/Microsoft/Windows/Storage/Providers_v2\SPACES_StorageTier.ObjectId=""{d0e6e85b-02d6-11ee-a0e6-806e6f6e6963}:ST:{2a814553-2668-45b0-8793-64b98093f59d}{409759d5-aa75-4c76-b53a-e6f072e5e78e}""","{1}\\DESKTOP-PL96UKD\root/Microsoft/Windows/Storage/Providers_v2\SPACES_StorageTier.ObjectId=""{d0e6e85b-02d6-11ee-a0e6-806e6f6e6963}:ST:{2a814553-2668-45b0-8793-64b98093f59d}{d3747729-7046-44e9-9ca0-b67c8f1069e8}""","{1}\\DESKTOP-PL96UKD\root/Microsoft/Windows/Storage/Providers_v2\SPACES_StorageTier.ObjectId=""{d0e6e85b-02d6-11ee-a0e6-806e6f6e6963}:ST:{e1a79576-1ace-4525-bc8e-512e57c669fb}{5848762a-86e3-4bdd-a6f3-d1f0541b49cc}""","{1}\\DESKTOP-PL96UKD\root/Microsoft/Windows/Storage/Providers_v2\SPACES_StorageTier.ObjectId=""{d0e6e85b-02d6-11ee-a0e6-806e6f6e6963}:ST:{e1a79576-1ace-4525-bc8e-512e57c669fb}{d7909454-3092-48c2-b2fd-c541e4b50771}""",,,,,,,,,,,,
Storage-存储池名称,Pool01,Primordial,Pool02,,,,,,,,,,,,,
Storage-存储层名称,Pool01-SSD,Pool01-HDD,Pool02-HDDTier02,Pool02-SSDTier02,,,,,,,,,,,,
GPU-显卡型号,NVIDIA GeForce RTX 3080 Ti,Intel(R) UHD Graphics 770,Microsoft Basic Render Driver,,,,,,,,,,,,,
GPU-驱动版本,577.00,32.0.101.7085,Software,,,,,,,,,,,,,
GPU-专用GPU内存,12288 MiB,128 MiB,0,,,,,,,,,,,,,
GPU-共享GPU内存,16252.7 MiB,16252.7 MiB,16252.7 MiB,,,,,,,,,,,,,
GPU-总计GPU内存,27.8717 GiB,16380.7 MiB,16252.7 MiB,,,,,,,,,,,,,
GPU-DirectX 支持,12 (FL 12.1),12 (FL 12.1),12 (FL 12.1),,,,,,,,,,,,,
GPU-总线,01,00,N/A,,,,,,,,,,,,,
GPU-设备,00,02,N/A,,,,,,,,,,,,,
GPU-功能,00,00,N/A,,,,,,,,,,,,,
Monitor-型号,HDMI,ANT27VU,HDMI,monitor,,,,,,,,,,,,
Monitor-制造商,IPS,HKC,SGT,MHH,,,,,,,,,,,,
Monitor-连接显卡,Intel(R) UHD Graphics 770,NVIDIA GeForce RTX 3080 Ti,NVIDIA GeForce RTX 3080 Ti,NVIDIA GeForce RTX 3080 Ti,,,,,,,,,,,,
Monitor-水平坐标,2560,-589,-1600,0,,,,,,,,,,,,
Monitor-垂直坐标,-620,1440,-1144,0,,,,,,,,,,,,
Monitor-主显示器,×,×,×,√,,,,,,,,,,,,
Monitor-水平分辨率,1536,3840,1600,2560,,,,,,,,,,,,
Monitor-垂直分辨率,2048,2160,2560,1440,,,,,,,,,,,,
Monitor-刷新率,60 Hz,60 Hz,60 Hz,100 Hz,,,,,,,,,,,,
Monitor-位深,8 bpc 推测,10 bpc,8 bpc 推测,10 bpc,,,,,,,,,,,,
Monitor-颜色格式,Unkown,Unkown,Unkown,Unkown,,,,,,,,,,,,
Monitor-动态范围,SDR,SDR,SDR,SDR,,,,,,,,,,,,
Network-名称,WLAN,以太网,本地连接* 10,,,,,,,,,,,,,
Network-硬件,Intel(R) Wi-Fi 6E AX211 160MHz,Intel(R) Ethernet Controller I226-V,Microsoft Wi-Fi Direct Virtual Adapter,,,,,,,,,,,,,
Network-链路速度, Mbps,1000 Mbps, Mbps,,,,,,,,,,,,,
Network-IPv4地址,169.254.189.134,192.168.71.5,192.168.137.1,,,,,,,,,,,,,
Network-IPv6地址,fe80::998b:58e6:8d9d:344f%5,fe80::3834:69e:4de1:5850%15,fe80::437d:89ce:398a:e852%18,,,,,,,,,,,,,
Network-MAC地址,581CF8980585,08BFB8401DAD,5A1CF8980585,,,,,,,,,,,,,
Network-主网络,×,√,×,,,,,,,,,,,,,
Network-DHCP启用,"{'InterfaceAlias': '以太网', 'Dhcp': 1}","{'InterfaceAlias': '本地连接* 10', 'Dhcp': 0}","{'InterfaceAlias': '本地连接* 9', 'Dhcp': 1}","{'InterfaceAlias': 'WLAN', 'Dhcp': 1}","{'InterfaceAlias': 'Loopback Pseudo-Interface 1', 'Dhcp': 0}",,,,,,,,,,,
Network-默认网关,"{'InterfaceAlias': '以太网', 'NextHop': '192.168.71.1'}",,,,,,,,,,,,,,,
Network-DNS服务器,"{'InterfaceAlias': '以太网', 'ServerAddresses': ['116.228.111.118', '180.168.255.18']}","{'InterfaceAlias': '以太网', 'ServerAddresses': ['240e:58:c000:1600:180:168:255:118', '240e:58:c000:1000:116:228:111:18', '240e:58:c000:1600:180:168:255:118', '240e:58:c000:1000:116:228:111:18']}","{'InterfaceAlias': 'WLAN', 'ServerAddresses': ['116.228.111.118', '180.168.255.18']}","{'InterfaceAlias': '本地连接* 9', 'ServerAddresses': ['fec0:0:0:ffff::1', 'fec0:0:0:ffff::2', 'fec0:0:0:ffff::3']}","{'InterfaceAlias': '本地连接* 10', 'ServerAddresses': ['fec0:0:0:ffff::1', 'fec0:0:0:ffff::2', 'fec0:0:0:ffff::3']}","{'InterfaceAlias': 'Loopback Pseudo-Interface 1', 'ServerAddresses': ['fec0:0:0:ffff::1', 'fec0:0:0:ffff::2', 'fec0:0:0:ffff::3']}",,,,,,,,,,
Network-连接状态,"{'Name': '本地连接* 10', 'Status': 'Up'}","{'Name': '以太网', 'Status': 'Up'}","{'Name': 'WLAN', 'Status': 'Disconnected'}",,,,,,,,,,,,,
Battery-电池存在,False,,,,,,,,,,,,,,,
Battery-设计容量,,,,,,,,,,,,,,,,
Battery-剩余容量,,,,,,,,,,,,,,,,
Battery-电池状态,None,,,,,,,,,,,,,,,
